icao_code,manufacturer,model,name,family,body_type,engine_type,engine_count,wake_category
A10,Fairchild,A10 Thunderbolt II,FAIRCHILD A-10 Thunderbolt II,A10 Thunderbolt II,REGIONAL,JET,2,M
A124,Antonov,An-124 Ruslan,ANTONOV An-124 Ruslan,An-124 Ruslan,WIDE,JET,4,H
A140,Hesa,140 Faraz,HESA 140 Faraz,140 Faraz,TURBOPROP,TURBOPROP,2,M
A148,Antonov,An-148,ANTONOV An-148,An-148,REGIONAL,JET,2,M
A158,Antonov,An-158,ANTONOV An-158,An-158,REGIONAL,JET,2,M
A178,Antonov,An-178,ANTONOV An-178,An-178,REGIONAL,JET,2,M
A19N,Airbus,A319neo,AIRBUS A-319neo,A320 family,NARROW,JET,2,M
A20N,Airbus,A320neo,AIRBUS A-320neo,A320 family,NARROW,JET,2,M
A21N,Airbus,A321neo,AIRBUS A-321neo,A320 family,NARROW,JET,2,M
A225,Antonov,An-225 Mriya,ANTONOV An-225 Mriya,An-225 Mriya,WIDE,JET,6,H
A270,Aero,Ae-270 Propjet,AERO Ae-270 Propjet,Ae-270 Propjet,TURBOPROP,TURBOPROP,1,L
A3,Douglas,A3 Skywarrior,DOUGLAS A-3 Skywarrior,A3 Skywarrior,NARROW,JET,2,M
A306,Airbus,A300-600,AIRBUS A-300-600,A300,WIDE,JET,2,H
A30B,Airbus,A300-200,AIRBUS A-300-200,A300,WIDE,JET,2,H
A310,Airbus,A310,AIRBUS A-310,A310,WIDE,JET,2,H
A318,Airbus,A318,AIRBUS A-318,A320 family,NARROW,JET,2,M
A319,Airbus,A319,AIRBUS A-319,A320 family,NARROW,JET,2,M
A320,Airbus,A320,AIRBUS A-320,A320 family,NARROW,JET,2,M
A321,Airbus,A321,AIRBUS A-321,A320 family,NARROW,JET,2,M
A332,Airbus,A330-200,AIRBUS A-330-200,A330,WIDE,JET,2,H
A333,Airbus,A330-300,AIRBUS A-330-300,A330,WIDE,JET,2,H
A337,Airbus,A330-700 Beluga XL,AIRBUS A-330-700 Beluga XL,A330,WIDE,JET,2,H
A338,Airbus,A330-800,AIRBUS A-330-800,A330,WIDE,JET,2,H
A339,Airbus,A330-900,AIRBUS A-330-900,A330,WIDE,JET,2,H
A342,Airbus,A340-200,AIRBUS A-340-200,A340,WIDE,JET,4,H
A343,Airbus,A340-300,AIRBUS A-340-300,A340,WIDE,JET,4,H
A345,Airbus,A340-500,AIRBUS A-340-500,A340,WIDE,JET,4,H
A346,Airbus,A340-600,AIRBUS A-340-600,A340,WIDE,JET,4,H
A359,Airbus,A350-900,AIRBUS A-350-900,A350,WIDE,JET,2,H
A35K,Airbus,A350-1000,AIRBUS A-350-1000,A350,WIDE,JET,2,H
A37,Cessna,318 Dragonfly,Cessna 318 Dragonfly,318 Dragonfly,BUSINESS,JET,2,L
A388,Airbus,A380-800,AIRBUS A-380-800,A380,WIDE,JET,4,H
A3ST,Airbus,A300ST Beluga Super Transporter,AIRBUS A-300ST Beluga Super Transporter,A300,WIDE,JET,2,H
A4,Douglas,A4 Skyhawk,DOUGLAS A-4 Skyhawk,A4 Skyhawk,NARROW,JET,1,M
A400,Airbus,A400M,AIRBUS A-400M,A400M,TURBOPROP,TURBOPROP,4,H
A50,Ilyushin,A50,ILYUSHIN A-50,A50,WIDE,JET,4,H
A6,Grumman,A6 Prowler,GRUMMAN A-6 Prowler,A6 Prowler,REGIONAL,JET,2,M
A660,Thrush,S-2R Turbo 660,THRUSH S-2R Turbo 660,S-2R Turbo 660,TURBOPROP,TURBOPROP,1,L
A700,Adam,A700 AdamJet,ADAM A-700 AdamJet,A700 AdamJet,BUSINESS,JET,2,L
A743,Antonov,An-74-300,ANTONOV An-74-300,An-74-300,REGIONAL,JET,2,M
A748,Avro,748,AVRO 748,748,TURBOPROP,TURBOPROP,2,M
AC80,North American,ROCKWELL Turbo Commander 680,NORTH AMERICAN ROCKWELL Turbo Commander 680,ROCKWELL Turbo Commander 680,TURBOPROP,TURBOPROP,2,L
AC90,North American,ROCKWELL Turbo Commander 690/840,NORTH AMERICAN ROCKWELL Turbo Commander 690/840,ROCKWELL Turbo Commander 690/840,TURBOPROP,TURBOPROP,2,L
AC95,North American,ROCKWELL Jetprop Commander 1000,NORTH AMERICAN ROCKWELL Jetprop Commander 1000,ROCKWELL Jetprop Commander 1000,TURBOPROP,TURBOPROP,2,L
AG60,Caiga,AG-600 Kunlong,CAIGA AG-600 Kunlong,AG-600 Kunlong,TURBOPROP,TURBOPROP,4,M
AJ27,COMAC,ARJ-21-700 Xiangfeng,COMAC ARJ-21-700 Xiangfeng,ARJ-21-700 Xiangfeng,NARROW,JET,2,M
AJET,Dassault,DORNIER Alpha Jet,DASSAULT-DORNIER Alpha Jet,DORNIER Alpha Jet,BUSINESS,JET,2,M
AKNC,Baykar,Akinci,BAYKAR Akinci,Akinci,TURBOPROP,TURBOPROP,2,L
ALIZ,Breguet,1050 Alize,BREGUET 1050 Alize,1050 Alize,TURBOPROP,TURBOPROP,1,M
AMX,Aeritalia-Aermacchi,AMX Ghibli,AERITALIA-AERMACCHI AMX Ghibli,AMX Ghibli,REGIONAL,JET,1,M
AN12,Antonov,An-12,ANTONOV An-12,An-12,TURBOPROP,TURBOPROP,4,M
AN22,Antonov,An-22 Antheus,ANTONOV An-22 Antheus,An-22 Antheus,TURBOPROP,TURBOPROP,4,H
AN24,Antonov,An-24,ANTONOV An-24,An-24,TURBOPROP,TURBOPROP,2,M
AN26,Antonov,An-26,ANTONOV An-26,An-26,TURBOPROP,TURBOPROP,2,M
AN28,Antonov,An-28,ANTONOV An-28,An-28,TURBOPROP,TURBOPROP,2,L
AN3,Antonov,An-3,ANTONOV An-3,An-3,TURBOPROP,TURBOPROP,1,L
AN30,Antonov,An-30,ANTONOV An-30,An-30,TURBOPROP,TURBOPROP,2,M
AN32,Antonov,An-32 Sutlej,ANTONOV An-32 Sutlej,An-32 Sutlej,TURBOPROP,TURBOPROP,2,M
AN38,Antonov,An-38,ANTONOV An-38,An-38,TURBOPROP,TURBOPROP,2,M
AN70,Antonov,An-70,ANTONOV An-70,An-70,TURBOPROP,TURBOPROP,4,M
AN72,Antonov,An-74-200,ANTONOV An-74-200,An-74-200,REGIONAL,JET,2,M
AN8,Antonov,An-8,ANTONOV An-8,An-8,TURBOPROP,TURBOPROP,2,M
ARES,Rutan,Ares,RUTAN Ares,Ares,BUSINESS,JET,1,L
ARVA,IAI,102/202 Arava,IAI 102/202 Arava,102/202 Arava,TURBOPROP,TURBOPROP,2,L
AS2T,Ffa,AS-202-32TP Turbine Bravo,FFA AS-202-32TP Turbine Bravo,AS-202-32TP Turbine Bravo,TURBOPROP,TURBOPROP,1,L
ASTR,Gulfstream Aerospace,Gulfstream G100,GULFSTREAM AEROSPACE Gulfstream G100,Gulfstream G100,BUSINESS,JET,2,M
AT3,Aidc,AT-3 Tzu-Chung,AIDC AT-3 Tzu-Chung,AT-3 Tzu-Chung,REGIONAL,JET,2,M
AT3T,Air,TRACTOR AT-302/402,AIR TRACTOR AT-302/402,TRACTOR AT-302/402,TURBOPROP,TURBOPROP,1,L
AT43,ATR,42-300,ATR-42-300,ATR,TURBOPROP,TURBOPROP,2,M
AT44,ATR,42-400,ATR-42-400,ATR,TURBOPROP,TURBOPROP,2,M
AT45,ATR,42-500,ATR-42-500,ATR,TURBOPROP,TURBOPROP,2,M
AT46,ATR,42-600,ATR-42-600,ATR,TURBOPROP,TURBOPROP,2,M
AT5T,Air,TRACTOR AT-504,AIR TRACTOR AT-504,ATR,TURBOPROP,TURBOPROP,1,L
AT6T,Air,TRACTOR AT-602,AIR TRACTOR AT-602,ATR,TURBOPROP,TURBOPROP,1,L
AT72,ATR,72-202,ATR-72-202,ATR,TURBOPROP,TURBOPROP,2,M
AT73,ATR,72-212,ATR-72-212,ATR,TURBOPROP,TURBOPROP,2,M
AT75,ATR,72-500,ATR-72-500,ATR,TURBOPROP,TURBOPROP,2,M
AT76,ATR,72-600,ATR-72-600,ATR,TURBOPROP,TURBOPROP,2,M
AT8T,Air,TRACTOR AT-802,AIR TRACTOR AT-802,ATR,TURBOPROP,TURBOPROP,1,M
ATG1,Atg,1 Javelin,ATG 1 Javelin,1 Javelin,BUSINESS,JET,2,L
ATLA,Breguet,Atlantic,BREGUET Atlantic,Atlantic,TURBOPROP,TURBOPROP,2,M
ATP,British Aerospace,ATP,BRITISH AEROSPACE ATP,ATP,TURBOPROP,TURBOPROP,2,M
AVK4,Avtek,400,AVTEK 400,400,TURBOPROP,TURBOPROP,2,L
AVLN,Airmaster,Avalon 680,AIRMASTER Avalon 680,Avalon 680,TURBOPROP,TURBOPROP,1,L
B1,Rockwell,B-1 Lancer,ROCKWELL B-1 Lancer,B-1 Lancer,WIDE,JET,4,H
B18T,Beech,18 Turbine,BEECH 18 Turbine,18 Turbine,TURBOPROP,TURBOPROP,2,L
B190,Beech,1900,BEECH 1900,1900,TURBOPROP,TURBOPROP,2,M
B2,Northrop,GRUMMAN B-2 Spirit,NORTHROP GRUMMAN B-2 Spirit,GRUMMAN B-2 Spirit,WIDE,JET,4,H
B21,Northrop,GRUMMAN B-21 Raider,NORTHROP GRUMMAN B-21 Raider,GRUMMAN B-21 Raider,WIDE,JET,2,H
B350,Beechcraft,Super King Air 350,BEECHCRAFT Super King Air 350,Super King Air 350,TURBOPROP,TURBOPROP,2,M
B36T,Beech,36 Turbine Bonanza,BEECH 36 Turbine Bonanza,36 Turbine Bonanza,TURBOPROP,TURBOPROP,1,L
B37M,Boeing,737 MAX 7,BOEING 737 MAX 7,737,NARROW,JET,2,M
B38M,Boeing,737 MAX 8,BOEING 737 MAX 8,737,NARROW,JET,2,M
B39M,Boeing,737 MAX 9,BOEING 737 MAX 9,737,NARROW,JET,2,M
B3XM,Boeing,737 MAX 10,BOEING 737 MAX 10,737,NARROW,JET,2,M
B461,British Aerospace,146-100 Statesman,BRITISH AEROSPACE 146-100 Statesman,BAe 146,REGIONAL,JET,4,M
B462,British Aerospace,146-200 Quiet Trader,BRITISH AEROSPACE 146-200 Quiet Trader,BAe 146,REGIONAL,JET,4,M
B463,British Aerospace,146-300,BRITISH AEROSPACE 146-300,BAe 146,REGIONAL,JET,4,M
B52,Boeing,B-52 Stratofortress,BOEING B-52 Stratofortress,B-52 Stratofortress,WIDE,JET,8,H
B60T,Beech,60 Royal Turbine Duke,BEECH 60 Royal Turbine Duke,60 Royal Turbine Duke,TURBOPROP,TURBOPROP,2,L
B701,Boeing,707-100,BOEING 707-100,707,NARROW,JET,4,M
B703,Boeing,707-300,BOEING 707-300,707,WIDE,JET,4,H
B712,Boeing,717-200,BOEING 717-200,717,NARROW,JET,2,M
B720,Boeing,720,BOEING 720,727,NARROW,JET,4,M
B721,Boeing,727-100,BOEING 727-100,727,NARROW,JET,3,M
B722,Boeing,727-200,BOEING 727-200,727,NARROW,JET,3,M
B732,Boeing,737-200,BOEING 737-200,737,NARROW,JET,2,M
B733,Boeing,737-300,BOEING 737-300,737,NARROW,JET,2,M
B734,Boeing,737-400,BOEING 737-400,737,NARROW,JET,2,M
B735,Boeing,737-500,BOEING 737-500,737,NARROW,JET,2,M
B736,Boeing,737-600,BOEING 737-600,737,NARROW,JET,2,M
B737,Boeing,737-700,BOEING 737-700,737,NARROW,JET,2,M
B738,Boeing,737-800,BOEING 737-800,737,NARROW,JET,2,M
B739,Boeing,737-900,BOEING 737-900,737,NARROW,JET,2,M
B741,Boeing,747-100,BOEING 747-100,747,WIDE,JET,4,H
B742,Boeing,747-200,BOEING 747-200,747,WIDE,JET,4,H
B743,Boeing,747-300,BOEING 747-300,747,WIDE,JET,4,H
B744,Boeing,747-400,BOEING 747-400,747,WIDE,JET,4,H
B748,Boeing,747-8,BOEING 747-8,747,WIDE,JET,4,H
B74R,Boeing,747SR,BOEING 747SR,747,WIDE,JET,4,H
B74S,Boeing,747SP,BOEING 747SP,747,WIDE,JET,4,H
B752,Boeing,757-200,BOEING 757-200,757,NARROW,JET,2,M
B753,Boeing,757-300,BOEING 757-300,757,NARROW,JET,2,M
B762,Boeing,767-200,BOEING 767-200,767,WIDE,JET,2,H
B763,Boeing,767-300,BOEING 767-300,767,WIDE,JET,2,H
B764,Boeing,767-400,BOEING 767-400,767,WIDE,JET,2,H
B772,Boeing,777-200,BOEING 777-200,777,WIDE,JET,2,H
B773,Boeing,777-300,BOEING 777-300,777,WIDE,JET,2,H
B778,Boeing,777-8,BOEING 777-8,777,WIDE,JET,2,H
B779,Boeing,777-9,BOEING 777-9,777,WIDE,JET,2,H
B77L,Boeing,777-200LR,BOEING 777-200LR,777,WIDE,JET,2,H
B77W,Boeing,777-300ER,BOEING 777-300ER,777,WIDE,JET,2,H
B788,Boeing,787-8 Dreamliner,BOEING 787-8 Dreamliner,787,WIDE,JET,2,H
B789,Boeing,787-9 Dreamliner,BOEING 787-9 Dreamliner,787,WIDE,JET,2,H
B78X,Boeing,787-10 Dreamliner,BOEING 787-10 Dreamliner,787,WIDE,JET,2,H
BA11,Bac,1-11,BAC 1-11,1-11,REGIONAL,JET,2,M
BCS1,Airbus,A220-100,AIRBUS A220-100,A220,NARROW,JET,2,M
BCS3,Airbus,A220-300,AIRBUS A220-300,A220,NARROW,JET,2,M
BD10,Bede,BD-10 Falcon,BEDE BD-10 Falcon,BD-10 Falcon,BUSINESS,JET,1,L
BD5J,Bede,BD-5J,BEDE BD-5J,BD-5J,BUSINESS,JET,1,L
BD5T,Bede,BD-5TP,BEDE BD-5TP,BD-5TP,TURBOPROP,TURBOPROP,1,L
BE10,Beech,100 King Air,BEECH 100 King Air,100 King Air,TURBOPROP,TURBOPROP,2,L
BE12,Beriev,Be-12 Tchaika,BERIEV Be-12 Tchaika,Be-12 Tchaika,TURBOPROP,TURBOPROP,2,M
BE20,Beech,200 Super King Air,BEECH 200 Super King Air,200 Super King Air,TURBOPROP,TURBOPROP,2,M
BE22,Beechcraft,220 Denali,BEECHCRAFT 220 Denali,220 Denali,TURBOPROP,TURBOPROP,1,L
BE30,Beech,300 Super King Air,BEECH 300 Super King Air,300 Super King Air,TURBOPROP,TURBOPROP,2,L
BE32,Beriev,Be-32,BERIEV Be-32,Be-32,TURBOPROP,TURBOPROP,2,M
BE40,Beech,400 Beechjet,BEECH 400 Beechjet,400 Beechjet,REGIONAL,JET,2,M
BE4W,Beech,400XT Beechjet,BEECH 400XT Beechjet,400XT Beechjet,REGIONAL,JET,2,M
BE99,Beech,99 Airliner,BEECH 99 Airliner,99 Airliner,TURBOPROP,TURBOPROP,2,L
BE9L,Beech,90 King Air,BEECH 90 King Air,90 King Air,TURBOPROP,TURBOPROP,2,L
BE9T,Beech,F90 King Air,BEECH F90 King Air,F90 King Air,TURBOPROP,TURBOPROP,2,L
BELF,Short,SC-5 Belfast,SHORT SC-5 Belfast,SC-5 Belfast,TURBOPROP,TURBOPROP,4,M
BER2,Beriev,Be-200 Altair,BERIEV Be-200 Altair,Be-200 Altair,REGIONAL,JET,2,M
BER4,Beriev,A40 Albatross,BERIEV A-40 Albatross,A40 Albatross,REGIONAL,JET,2,M
BLCF,Boeing,747-400LCF Dreamlifter,BOEING 747-400LCF Dreamlifter,747-400LCF Dreamlifter,WIDE,JET,4,H
BN2T,Britten-Norman,BN-2T Turbine Islander,BRITTEN-NORMAN BN-2T Turbine Islander,BN-2T Turbine Islander,TURBOPROP,TURBOPROP,2,L
BS60,Beech,SFERMA 60 Marquis,BEECH-SFERMA 60 Marquis,SFERMA 60 Marquis,TURBOPROP,TURBOPROP,2,L
BT7,Boeing,T-7 Red Hawk,BOEING T-7 Red Hawk,T-7 Red Hawk,NARROW,JET,1,M
BUC,Hawker,SIDDELEY Buccaneer,HAWKER-SIDDELEY Buccaneer,SIDDELEY Buccaneer,BUSINESS,JET,2,M
C02T,Cessna,402 Turbine,CESSNA 402 Turbine,402 Turbine,TURBOPROP,TURBOPROP,2,L
C04T,Cessna,404 Turbine,CESSNA 404 Turbine,404 Turbine,TURBOPROP,TURBOPROP,2,L
C06T,Cessna,206 Turbine,CESSNA 206 Turbine,206 Turbine,TURBOPROP,TURBOPROP,1,L
C07T,Cessna,207 Turbine,CESSNA 207 Turbine,207 Turbine,TURBOPROP,TURBOPROP,1,L
C08T,Soloy,208 Pathfinder,SOLOY 208 Pathfinder,208 Pathfinder,TURBOPROP,TURBOPROP,0,L
C1,Kawasaki,C-1,KAWASAKI C-1,C-1,REGIONAL,JET,2,M
C101,CASA,C-101 Aviojet,CASA C-101 Aviojet,C-101 Aviojet,BUSINESS,JET,1,L
C10T,Cessna,P210 Turbine,CESSNA P210 Turbine,P210 Turbine,TURBOPROP,TURBOPROP,1,L
C130,Lockheed,C-130 Hercules,LOCKHEED C-130 Hercules,C-130 Hercules,TURBOPROP,TURBOPROP,4,M
C135,Boeing,NC-135,BOEING NC-135,NC-135,WIDE,JET,4,H
C141,Lockheed,C-141 Starlifter,LOCKHEED C-141 Starlifter,C-141 Starlifter,WIDE,JET,4,H
C14T,Cessna,414 Turbine,CESSNA 414 Turbine,414 Turbine,TURBOPROP,TURBOPROP,2,L
C15,McDonnell Douglas,YC-15,MCDONNELL DOUGLAS YC-15,YC-15,NARROW,JET,4,M
C160,Transall,C-160,TRANSALL C-160,C-160,TURBOPROP,TURBOPROP,2,M
C17,Boeing,C-17 Globemaster 3,BOEING C-17 Globemaster 3,C-17 Globemaster 3,WIDE,JET,4,H
C2,Grumman,C-2 Greyhound,GRUMMAN C-2 Greyhound,C-2 Greyhound,TURBOPROP,TURBOPROP,2,M
C208,Cessna,208 Caravan,CESSNA 208 Caravan,208 Caravan,TURBOPROP,TURBOPROP,1,L
C212,Cessna,212 Aviocar,CESSNA 212 Aviocar,212 Aviocar,TURBOPROP,TURBOPROP,2,M
C21T,Cessna,421 Turbine,CESSNA 421 Turbine,421 Turbine,TURBOPROP,TURBOPROP,2,L
C22J,Caproni,VIZZOLA C-22J Ventura,CAPRONI VIZZOLA C-22J Ventura,VIZZOLA C-22J Ventura,BUSINESS,JET,2,L
C25A,Cessna,525A Citation CJ2,CESSNA 525A Citation CJ2,525A Citation CJ2,BUSINESS,JET,2,L
C25B,Cessna,525B Citation CJ3,CESSNA 525B Citation CJ3,525B Citation CJ3,BUSINESS,JET,2,L
C25C,Cessna,525C Citation CJ4,CESSNA 525C Citation CJ4,525C Citation CJ4,BUSINESS,JET,2,M
C25M,Cessna,525 Citation M2,CESSNA 525 Citation M2,525 Citation M2,BUSINESS,JET,2,L
C27J,Alenia,C-27J Spartan,ALENIA C-27J Spartan,C-27J Spartan,TURBOPROP,TURBOPROP,2,M
C295,CASA,C-295 Persuader,CASA C-295 Persuader,C-295 Persuader,TURBOPROP,TURBOPROP,2,M
C30J,Lockheed,MARTIN C-130J Super Hercules,LOCKHEED MARTIN C-130J Super Hercules,MARTIN C-130J Super Hercules,TURBOPROP,TURBOPROP,4,M
C365,Ekw,C-3605,EKW C-3605,C-3605,TURBOPROP,TURBOPROP,1,L
C408,Cessna,408 SkyCourier,CESSNA 408 SkyCourier,408 SkyCourier,TURBOPROP,TURBOPROP,2,L
C425,Cessna,425 Corsair,CESSNA 425 Corsair,425 Corsair,TURBOPROP,TURBOPROP,2,L
C441,Cessna,441 Conquest,CESSNA 441 Conquest,441 Conquest,TURBOPROP,TURBOPROP,2,L
C500,Cessna,500 Citation 1,CESSNA 500 Citation 1,500 Citation 1,BUSINESS,JET,2,L
C501,Cessna,501 Citation 1SP,CESSNA 501 Citation 1SP,501 Citation 1SP,BUSINESS,JET,2,L
C510,Cessna,510 Citation Mustang,CESSNA 510 Citation Mustang,510 Citation Mustang,BUSINESS,JET,2,L
C525,Cessna,525 CitationJet,CESSNA 525 CitationJet,525 CitationJet,BUSINESS,JET,2,L
C526,Cessna,526 CitationJet,CESSNA 526 CitationJet,526 CitationJet,BUSINESS,JET,2,L
C550,Cessna,550 Citation S2,CESSNA 550 Citation S2,550 Citation S2,BUSINESS,JET,2,L
C551,Cessna,551 Citation 2SP,CESSNA 551 Citation 2SP,551 Citation 2SP,BUSINESS,JET,2,L
C55B,Cessna,550B Citation Bravo,CESSNA 550B Citation Bravo,550B Citation Bravo,BUSINESS,JET,2,L
C560,Cessna,560 Citation Ultra,CESSNA 560 Citation Ultra,560 Citation Ultra,BUSINESS,JET,2,M
C56X,Cessna,560XL Citation XLS,CESSNA 560XL Citation XLS,560XL Citation XLS,BUSINESS,JET,2,M
C5M,Lockheed,C-5 Super Galaxy,LOCKHEED C-5 Super Galaxy,C-5 Super Galaxy,WIDE,JET,4,H
C650,Cessna,650 Citation,CESSNA 650 Citation,650 Citation,BUSINESS,JET,2,M
C680,Cessna,680 Citation Sovereign,CESSNA 680 Citation Sovereign,680 Citation Sovereign,BUSINESS,JET,2,M
C68A,Cessna,680 Citation Latitude,CESSNA 680 Citation Latitude,680 Citation Latitude,BUSINESS,JET,2,M
C700,Cessna,700 Citation Longitude,CESSNA 700 Citation Longitude,700 Citation Longitude,BUSINESS,JET,2,M
C750,Cessna,750 Citation 10,CESSNA 750 Citation 10,750 Citation 10,BUSINESS,JET,2,M
C919,COMAC,C-919,COMAC C-919,C-919,NARROW,JET,2,M
CA12,Comp,AIR 12,COMP AIR 12,AIR 12,TURBOPROP,TURBOPROP,1,L
CA1T,Comp,AIR 10XLT,COMP AIR 10XLT,AIR 10XLT,TURBOPROP,TURBOPROP,1,L
CA7T,Comp,AIR 7T,COMP AIR 7T,AIR 7T,TURBOPROP,TURBOPROP,1,L
CA8,Comp,AIR 8,COMP AIR 8,AIR 8,TURBOPROP,TURBOPROP,1,L
CA9,Comp,AIR 9,COMP AIR 9,AIR 9,TURBOPROP,TURBOPROP,1,L
CABI,Universal,COMPOSITE Carbon Bird,UNIVERSAL COMPOSITE Carbon Bird,COMPOSITE Carbon Bird,TURBOPROP,TURBOPROP,1,L
CAJ,Comp,AIR Jet,COMP AIR Jet,AIR Jet,BUSINESS,JET,1,L
CD2,Claudius,DORNIER CD-2 Seastar,CLAUDIUS DORNIER CD-2 Seastar,DORNIER CD-2 Seastar,TURBOPROP,TURBOPROP,2,L
CH1,Aidx,T-CH-1 Chung-Tsing,AIDX T-CH-1 Chung-Tsing,T-CH-1 Chung-Tsing,TURBOPROP,TURBOPROP,1,L
CKUO,Aidc,F-CK-1 Ching-Kuo,AIDC F-CK-1 Ching-Kuo,F-CK-1 Ching-Kuo,REGIONAL,JET,2,M
CL2T,Canadair,CL-415 SuperScooper,CANADAIR CL-415 SuperScooper,CL-415 SuperScooper,TURBOPROP,TURBOPROP,2,M
CL30,Bombardier,BD-100 Challenger 300,BOMBARDIER BD-100 Challenger 300,BD-100 Challenger 300,BUSINESS,JET,2,M
CL35,Bombardier,BD-100 Challenger 350,BOMBARDIER BD-100 Challenger 350,BD-100 Challenger 350,BUSINESS,JET,2,M
CL41,Canadair,Tutor,CANADAIR Tutor,Tutor,BUSINESS,JET,1,L
CL4G,Canadair,CL-44 Guppy,CANADAIR CL-44 Guppy,CL-44 Guppy,TURBOPROP,TURBOPROP,4,M
CL60,Bombardier,CL-600 Challenger,BOMBARDIER CL-600 Challenger,CL-600 Challenger,BUSINESS,JET,2,M
CN35,CASA,CN-235 Persuader,CASA CN-235 Persuader,CN-235 Persuader,TURBOPROP,TURBOPROP,2,M
CNBR,Bac,Canberra,BAC Canberra,Canberra,REGIONAL,JET,2,M
CNDR,General,AVIA F-20TP Condor,GENERAL AVIA F-20TP Condor,AVIA F-20TP Condor,TURBOPROP,TURBOPROP,2,L
COZJ,Co-Z,CozyJet,CO-Z CozyJet,CozyJet,BUSINESS,JET,1,L
CRES,Pacific,AEROSPACE Cresco,PACIFIC AEROSPACE Cresco,AEROSPACE Cresco,TURBOPROP,TURBOPROP,1,L
CRJ1,Bombardier,Regional Jet CRJ-100,BOMBARDIER Regional Jet CRJ-100,CRJ,REGIONAL,JET,2,M
CRJ2,Bombardier,Regional Jet CRJ-200,BOMBARDIER Regional Jet CRJ-200,CRJ,REGIONAL,JET,2,M
CRJ7,Bombardier,Regional Jet CRJ-700,BOMBARDIER Regional Jet CRJ-700,CRJ,REGIONAL,JET,2,M
CRJ9,Bombardier,Regional Jet CRJ-900,BOMBARDIER Regional Jet CRJ-900,CRJ,REGIONAL,JET,2,M
CRJX,Bombardier,Regional Jet CRJ-1000,BOMBARDIER Regional Jet CRJ-1000,CRJ,REGIONAL,JET,2,M
CVLT,Canadair,Cosmopolitan,CANADAIR Cosmopolitan,Cosmopolitan,TURBOPROP,TURBOPROP,2,M
D228,Dornier,228,DORNIER 228,228,TURBOPROP,TURBOPROP,2,L
D28T,Dornier,Do-28D-6 Turbo Skyservant,DORNIER Do-28D-6 Turbo Skyservant,Do-28D-6 Turbo Skyservant,TURBOPROP,TURBOPROP,2,L
D328,Dornier,328,DORNIER 328,328,TURBOPROP,TURBOPROP,2,M
DC10,McDonnell Douglas,DC-10,MCDONNELL DOUGLAS DC-10,DC-10,WIDE,JET,3,H
DC3T,Douglas,DC-3 Turbine Dakota,DOUGLAS DC-3 Turbine Dakota,DC-3 Turbine Dakota,TURBOPROP,TURBOPROP,2,M
DC85,McDonnell Douglas,DC-8-50,MCDONNELL DOUGLAS DC-8-50,DC-8-50,WIDE,JET,4,H
DC86,McDonnell Douglas,DC-8-60,MCDONNELL DOUGLAS DC-8-60,DC-8-60,WIDE,JET,4,H
DC87,McDonnell Douglas,DC-8-70,MCDONNELL DOUGLAS DC-8-70,DC-8-70,WIDE,JET,4,H
DC91,McDonnell Douglas,DC-9-10,MCDONNELL DOUGLAS DC-9-10,DC-9-10,NARROW,JET,2,M
DC92,McDonnell Douglas,DC-9-20,MCDONNELL DOUGLAS DC-9-20,DC-9-20,NARROW,JET,2,M
DC93,McDonnell Douglas,DC-9-30,MCDONNELL DOUGLAS DC-9-30,DC-9-30,NARROW,JET,2,M
DC94,McDonnell Douglas,DC-9-40,MCDONNELL DOUGLAS DC-9-40,DC-9-40,NARROW,JET,2,M
DC95,McDonnell Douglas,DC-9-50,MCDONNELL DOUGLAS DC-9-50,DC-9-50,NARROW,JET,2,M
DH2T,De Havilland,DHC-2 Turbo Beaver,DE HAVILLAND DHC-2 Turbo Beaver,DHC-2 Turbo Beaver,TURBOPROP,TURBOPROP,1,L
DH3T,De Havilland,DHC-3 Turbo Otter,DE HAVILLAND DHC-3 Turbo Otter,DHC-3 Turbo Otter,TURBOPROP,TURBOPROP,1,L
DH4T,De Havilland,DHC-4 Turbo Caribou,DE HAVILLAND DHC-4 Turbo Caribou,DHC-4 Turbo Caribou,TURBOPROP,TURBOPROP,2,M
DH8A,De Havilland,DHC-8-100 Dash 8,DE HAVILLAND DHC-8-100 Dash 8,Dash 8,TURBOPROP,TURBOPROP,2,M
DH8B,De Havilland,DHC-8-200 Dash 8,DE HAVILLAND DHC-8-200 Dash 8,Dash 8,TURBOPROP,TURBOPROP,2,M
DH8C,De Havilland,DHC-8-300 Dash 8,DE HAVILLAND DHC-8-300 Dash 8,Dash 8,TURBOPROP,TURBOPROP,2,M
DH8D,De Havilland,DHC-8-400 Dash 8,DE HAVILLAND DHC-8-400 Dash 8,Dash 8,TURBOPROP,TURBOPROP,2,M
DHC5,De Havilland,DHC-5 Buffalo,DE HAVILLAND DHC-5 Buffalo,DHC-5 Buffalo,TURBOPROP,TURBOPROP,2,M
DHC6,De Havilland,DHC-6 Twin Otter,DE HAVILLAND DHC-6 Twin Otter,DHC-6 Twin Otter,TURBOPROP,TURBOPROP,2,L
DHC7,De Havilland,DHC-7 Dash 7,DE HAVILLAND DHC-7 Dash 7,DHC-7 Dash 7,TURBOPROP,TURBOPROP,4,M
DJET,Diamond,D-Jet,DIAMOND D-Jet,D-Jet,BUSINESS,JET,1,L
DNGO,Aeroric,Dingo,AERORIC Dingo,Dingo,TURBOPROP,TURBOPROP,1,L
DT45,Diamond,Dart-450,DIAMOND Dart-450,Dart-450,TURBOPROP,TURBOPROP,1,L
E110,Embraer,EMB-110 Bandeirante,EMBRAER EMB-110 Bandeirante,EMB-110 Bandeirante,TURBOPROP,TURBOPROP,2,L
E120,Embraer,EMB-120 Brasilia,EMBRAER EMB-120 Brasilia,EMB-120 Brasilia,TURBOPROP,TURBOPROP,2,M
E121,Embraer,EMB-121 Xingu,EMBRAER EMB-121 Xingu,EMB-121 Xingu,TURBOPROP,TURBOPROP,2,L
E135,Embraer,ERJ-135,EMBRAER ERJ-135,ERJ,REGIONAL,JET,2,M
E145,Embraer,ERJ-145,EMBRAER ERJ-145,ERJ,REGIONAL,JET,2,M
E170,Embraer,ERJ-170-100,EMBRAER ERJ-170-100,E-Jet,REGIONAL,JET,2,M
E190,Embraer,ERJ-190-100,EMBRAER ERJ-190-100,E-Jet,REGIONAL,JET,2,M
E195,Embraer,ERJ-190-200,EMBRAER ERJ-190-200,E-Jet,REGIONAL,JET,2,M
E2,Northrop,GRUMMAN E-2 Hawkeye,NORTHROP GRUMMAN E-2 Hawkeye,GRUMMAN E-2 Hawkeye,TURBOPROP,TURBOPROP,2,M
E275,Embraer,ERJ-190-500,EMBRAER ERJ-190-500,E-Jet E2,REGIONAL,JET,2,M
E290,Embraer,ERJ-190-300,EMBRAER ERJ-190-300,E-Jet,REGIONAL,JET,2,M
E295,Embraer,ERJ-190-400,EMBRAER ERJ-190-400,E-Jet,REGIONAL,JET,2,M
E314,Embraer,EMB-314 Super Tucano,EMBRAER EMB-314 Super Tucano,EMB-314 Super Tucano,TURBOPROP,TURBOPROP,1,L
E350,Cessna,E350,CESSNA E350,E350,TURBOPROP,TURBOPROP,1,L
E35L,Embraer,EMB-135 Legacy,EMBRAER EMB-135 Legacy,ERJ,BUSINESS,JET,2,M
E390,Embraer,EMB-390,EMBRAER EMB-390,EMB-390,REGIONAL,JET,2,M
E3CF,Boeing,E-3 Sentry (CFM56),BOEING E-3 Sentry (CFM56),E-3 Sentry (CFM56),WIDE,JET,4,H
E3TF,Boeing,E-3 Sentry (TF33),BOEING E-3 Sentry (TF33),E-3 Sentry (TF33),WIDE,JET,4,H
E45X,Embraer,ERJ-145XR,EMBRAER ERJ-145XR,ERJ-145XR,REGIONAL,JET,2,M
E500,Extra,EA-500,EXTRA EA-500,EA-500,TURBOPROP,TURBOPROP,1,L
E50P,Embraer,EMB-500 Phenom 100,EMBRAER EMB-500 Phenom 100,EMB-500 Phenom 100,BUSINESS,JET,2,L
E530,Cessna,E530 Scorpion,CESSNA E530 Scorpion,E530 Scorpion,BUSINESS,JET,2,M
E545,Embraer,EMB545 Praetor 500,EMBRAER EMB545 Praetor 500,EMB545 Praetor 500,BUSINESS,JET,2,M
E550,Embraer,EMB-550 Praetor 600,EMBRAER EMB-550 Praetor 600,EMB-550 Praetor 600,BUSINESS,JET,2,M
E55P,Embraer,EMB-505 Phenom 300,EMBRAER EMB-505 Phenom 300,EMB-505 Phenom 300,BUSINESS,JET,2,M
E6,Boeing,E-6 Mercury,BOEING E-6 Mercury,E-6 Mercury,WIDE,JET,4,H
E737,Boeing,737-700 AEWC,BOEING 737-700 AEWC,737-700 AEWC,NARROW,JET,2,M
E75L,Embraer,ERJ-170-200 (long wing),EMBRAER ERJ-170-200 (long wing),E-Jet,REGIONAL,JET,2,M
E75S,Embraer,ERJ-170-200 (short wing),EMBRAER ERJ-170-200 (short wing),E-Jet,REGIONAL,JET,2,M
E767,Boeing,E-767,BOEING E-767,E-767,WIDE,JET,2,H
EA40,Eclipse,400,ECLIPSE 400,400,BUSINESS,JET,1,L
EA50,Eclipse,550,ECLIPSE 550,550,BUSINESS,JET,2,L
EGRT,Grob,G-520 Strato 1,GROB G-520 Strato 1,G-520 Strato 1,TURBOPROP,TURBOPROP,1,L
ELIT,Epic,AIRCRAFT Elite,EPIC AIRCRAFT Elite,AIRCRAFT Elite,BUSINESS,JET,2,L
EM10,Marganski,EM-10 Bielik,MARGANSKI EM-10 Bielik,EM-10 Bielik,BUSINESS,JET,1,L
EPIC,Epic,AIRCRAFT Epic LT,EPIC AIRCRAFT Epic LT,AIRCRAFT Epic LT,TURBOPROP,TURBOPROP,1,L
ESCA,Epic,AIRCRAFT Epic Escape,EPIC AIRCRAFT Epic Escape,AIRCRAFT Epic Escape,TURBOPROP,TURBOPROP,1,L
ETAR,Dassault,Etendard 4,DASSAULT Etendard 4,Etendard 4,BUSINESS,JET,1,M
EUFI,Eurofighter,2000,EUROFIGHTER 2000,2000,REGIONAL,JET,2,M
EVIC,Epic,AIRCRAFT Epic Victory,EPIC AIRCRAFT Epic Victory,AIRCRAFT Epic Victory,BUSINESS,JET,1,L
EVOT,Lancair,Evolution Turbine,LANCAIR Evolution Turbine,Evolution Turbine,TURBOPROP,TURBOPROP,1,L
EX5T,Explorer,500T,EXPLORER 500T,500T,TURBOPROP,TURBOPROP,1,L
F1,Mitsubishi,F-1,MITSUBISHI F-1,F-1,REGIONAL,JET,2,M
F100,Fokker,100,FOKKER 100,100,REGIONAL,JET,2,M
F104,Lockheed,F-104 Starfighter,LOCKHEED F-104 Starfighter,F-104 Starfighter,REGIONAL,JET,1,M
F106,Convair,QF-106 Delta Dart,CONVAIR QF-106 Delta Dart,QF-106 Delta Dart,REGIONAL,JET,1,M
F111,General,DYNAMICS F-111 Raven,GENERAL DYNAMICS F-111 Raven,DYNAMICS F-111 Raven,REGIONAL,JET,2,M
F117,Lockheed,F-117 Nighthawk,LOCKHEED F-117 Nighthawk,F-117 Nighthawk,REGIONAL,JET,2,M
F14,Grumman,F-14 Tomcat,GRUMMAN F-14 Tomcat,F-14 Tomcat,REGIONAL,JET,2,M
F15,McDonnell Douglas,F-15 Eagle,MCDONNELL-DOUGLAS F-15 Eagle,F-15 Eagle,NARROW,JET,2,M
F16,General,DYNAMICS F-16 Fighting Falcon,GENERAL DYNAMICS F-16 Fighting Falcon,DYNAMICS F-16 Fighting Falcon,REGIONAL,JET,1,M
F16X,General,DYNAMICS F-16XL Fighting Falcon,GENERAL DYNAMICS F-16XL Fighting Falcon,DYNAMICS F-16XL Fighting Falcon,REGIONAL,JET,1,M
F18H,Boeing,FA-18 HORNET,BOEING FA-18 HORNET,FA-18 HORNET,NARROW,JET,2,M
F18S,Boeing,FA-18 SUPER HORNET,BOEING FA-18 SUPER HORNET,FA-18 SUPER HORNET,NARROW,JET,2,M
F2,Mitsubishi,F-2,MITSUBISHI F-2,F-2,REGIONAL,JET,1,M
F22,Lockheed,MARTIN F-22 Raptor,LOCKHEED MARTIN F-22 Raptor,MARTIN F-22 Raptor,REGIONAL,JET,2,M
F26T,Aermacchi,SF-260T,AERMACCHI SF-260T,SF-260T,TURBOPROP,TURBOPROP,1,L
F27,Fokker,F-27,FOKKER F-27,F-27,TURBOPROP,TURBOPROP,2,M
F28,Fokker,F-28,FOKKER F-28,F-28,REGIONAL,JET,2,M
F2TH,Dassault,Falcon 2000,DASSAULT Falcon 2000,Falcon 2000,BUSINESS,JET,2,M
F35,Lockheed,MARTIN F-35 Lightning 2,LOCKHEED MARTIN F-35 Lightning 2,MARTIN F-35 Lightning 2,REGIONAL,JET,1,M
F4,McDonnell Douglas,F-4 Phantom 2,MCDONNELL-DOUGLAS F-4 Phantom 2,F-4 Phantom 2,NARROW,JET,2,M
F402,Falcon,AIR Falcon 402,FALCON AIR Falcon 402,AIR Falcon 402,TURBOPROP,TURBOPROP,1,L
F406,Cessna,F406 Caravan 2,CESSNA F406 Caravan 2,F406 Caravan 2,TURBOPROP,TURBOPROP,2,L
F421,Falcon,AIR Falcon 421,FALCON AIR Falcon 421,AIR Falcon 421,TURBOPROP,TURBOPROP,1,L
F5,Northrop,F-5 Tiger 2,NORTHROP F-5 Tiger 2,F-5 Tiger 2,REGIONAL,JET,2,M
F50,Fokker,50,FOKKER 50,50,TURBOPROP,TURBOPROP,2,M
F5SA,Iriaf,S-100 Saeghe,IRIAF S-100 Saeghe,S-100 Saeghe,REGIONAL,JET,2,M
F60,Fokker,60,FOKKER 60,60,TURBOPROP,TURBOPROP,2,M
F600,Siai-Marchetti,SF-600 Canguro,SIAI-MARCHETTI SF-600 Canguro,SF-600 Canguro,TURBOPROP,TURBOPROP,2,L
F70,Fokker,70,FOKKER 70,70,REGIONAL,JET,2,M
F8,Chance,VOUGHT F-8 Crusader,CHANCE VOUGHT F-8 Crusader,VOUGHT F-8 Crusader,REGIONAL,JET,1,M
F86,North American,F-86 Sabre,NORTH AMERICAN F-86 Sabre,F-86 Sabre,REGIONAL,JET,1,M
F900,Dassault,Falcon 900,DASSAULT Falcon 900,Falcon 900,BUSINESS,JET,3,M
F9F,Grumman,F9F Panther,GRUMMAN F9F Panther,F9F Panther,BUSINESS,JET,1,L
FA10,Dassault,Falcon 100,DASSAULT Falcon 100,Falcon 100,BUSINESS,JET,2,M
FA20,Dassault,Falcon 200,DASSAULT Falcon 200,Falcon 200,BUSINESS,JET,2,M
FA50,Dassault,Falcon 50,DASSAULT Falcon 50,Falcon 50,BUSINESS,JET,3,M
FA6X,Dassault,Falcon 6X,DASSAULT Falcon 6X,Falcon 6X,BUSINESS,JET,2,M
FA7X,Dassault,Falcon 7X,DASSAULT Falcon 7X,Falcon 7X,BUSINESS,JET,3,M
FA8X,Dassault,Falcon 8X,DASSAULT Falcon 8X,Falcon 8X,BUSINESS,JET,3,M
FC1,Chengdu,FC-1 Super 7,CHENGDU FC-1 Super 7,FC-1 Super 7,REGIONAL,JET,1,M
FJ10,Aerostart,FJ-100,AEROSTART FJ-100,FJ-100,BUSINESS,JET,2,L
FOUG,Aerospatiale,CM-170 Magister,AEROSPATIALE CM-170 Magister,CM-170 Magister,BUSINESS,JET,2,L
G12T,Grob,G-120TP,GROB G-120TP,G-120TP,TURBOPROP,TURBOPROP,1,L
G140,Grob,G-140TP,GROB G-140TP,G-140TP,TURBOPROP,TURBOPROP,1,L
G150,Gulfstream,G150,GULFSTREAM G150,G150,BUSINESS,JET,2,M
G159,Grumman,Gulfstream 1,GRUMMAN Gulfstream 1,Gulfstream 1,TURBOPROP,TURBOPROP,2,M
G160,Grob,G-160,GROB G-160,G-160,TURBOPROP,TURBOPROP,1,L
G21T,Mckinnon,G-21E/G Turbo Goose,MCKINNON G-21E/G Turbo Goose,G-21E/G Turbo Goose,TURBOPROP,TURBOPROP,2,L
G222,Alenia,C-27A Spartan,ALENIA C-27A Spartan,C-27A Spartan,TURBOPROP,TURBOPROP,2,M
G250,Gulfstream,G250,GULFSTREAM G250,G250,BUSINESS,JET,2,M
G280,Gulfstream,G280,GULFSTREAM G280,G280,BUSINESS,JET,2,M
G2GL,Soko,G-2 Galeb,SOKO G-2 Galeb,G-2 Galeb,BUSINESS,JET,1,L
G4SG,Soko,G-4 Super Galeb,SOKO G-4 Super Galeb,G-4 Super Galeb,BUSINESS,JET,1,L
G64T,Grumman,G-164 Turbo Ag-Cat,GRUMMAN G-164 Turbo Ag-Cat,G-164 Turbo Ag-Cat,TURBOPROP,TURBOPROP,1,L
G73T,Grumman,G-73T Turbo Mallard,GRUMMAN G-73T Turbo Mallard,G-73T Turbo Mallard,TURBOPROP,TURBOPROP,2,L
G91,Fiat,G-91R,FIAT G-91R,G-91R,BUSINESS,JET,1,L
GA10,Gippsaero,GA-10,GIPPSAERO GA-10,GA-10,TURBOPROP,TURBOPROP,1,L
GA3C,Gulfstream,G300,GULFSTREAM G300,G300,BUSINESS,JET,2,M
GA4C,Gulfstream,G-7 G400,GULFSTREAM G-7 G400,G-7 G400,BUSINESS,JET,2,M
GA5C,Gulfstream,G500,GULFSTREAM G500,G500,BUSINESS,JET,2,M
GA6C,Gulfstream,G600,GULFSTREAM G600,G600,BUSINESS,JET,2,M
GA7C,Gulfstream,G700,GULFSTREAM G700,G700,BUSINESS,JET,2,M
GA8C,Gulfstream,G-8 G800,GULFSTREAM G-8 G800,G-8 G800,BUSINESS,JET,2,M
GALX,Gulfstream,G200,GULFSTREAM G200,G200,BUSINESS,JET,2,M
GANT,Fairey,Gannet,FAIREY Gannet,Gannet,TURBOPROP,TURBOPROP,0,M
GFLY,Scaled,Global Flyer,SCALED Global Flyer,Global Flyer,REGIONAL,JET,1,M
GJ11,Hongdu,GJ-11,HONGDU GJ-11,GJ-11,REGIONAL,JET,1,M
GL5T,Bombardier,BD-700 Global 5000/5500,BOMBARDIER BD-700 Global 5000/5500,BD-700 Global 5000/5500,BUSINESS,JET,2,M
GL7T,Bombardier,BD-700 Global 7000/7500,BOMBARDIER BD-700 Global 7000/7500,BD-700 Global 7000/7500,BUSINESS,JET,2,M
GLEX,Bombardier,BD-700 Global 6000/6500,BOMBARDIER BD-700 Global 6000/6500,BD-700 Global 6000/6500,BUSINESS,JET,2,M
GLF2,Gulfstream,2,GULFSTREAM 2,2,BUSINESS,JET,2,M
GLF3,Gulfstream,3,GULFSTREAM 3,3,BUSINESS,JET,2,M
GLF4,Gulfstream,4,GULFSTREAM 4,4,BUSINESS,JET,2,M
GLF5,Gulfstream,5,GULFSTREAM 5,5,BUSINESS,JET,2,M
GLF6,Gulfstream,G650,GULFSTREAM G650,G650,BUSINESS,JET,2,M
GLTU,Stoddard-Hamilton,Turbine Glasair,STODDARD-HAMILTON Turbine Glasair,Turbine Glasair,TURBOPROP,TURBOPROP,1,L
GM17,Intracom,Viper,INTRACOM Viper,Viper,TURBOPROP,TURBOPROP,1,L
GNAT,Hawker Siddeley,Gnat,HAWKER SIDDELEY Gnat,Gnat,BUSINESS,JET,1,L
GR51,Cameron,P-51G Grand 51,CAMERON P-51G Grand 51,P-51G Grand 51,TURBOPROP,TURBOPROP,1,L
GRIZ,Aerotek,Turbo Grizzly,AEROTEK Turbo Grizzly,Turbo Grizzly,TURBOPROP,TURBOPROP,1,L
GSPN,Grob,G-180 SPn Utility Jet,GROB G-180 SPn Utility Jet,G-180 SPn Utility Jet,BUSINESS,JET,2,L
H25A,Hawker Siddeley,HS-125,HAWKER SIDDELEY HS-125,HS-125,BUSINESS,JET,2,M
H25B,Hawker Beechcraft,Hawker 750/850,HAWKER BEECHCRAFT Hawker 750/850,Hawker 750/850,BUSINESS,JET,2,M
H25C,Raytheon,Hawker 1000,RAYTHEON Hawker 1000,Hawker 1000,BUSINESS,JET,2,M
HA4T,Raytheon,4000 Hawker Horizon,RAYTHEON 4000 Hawker Horizon,4000 Hawker Horizon,BUSINESS,JET,2,M
HAR,British Aerospace,Harrier,BRITISH AEROSPACE Harrier,Harrier,REGIONAL,JET,1,M
HAWK,British Aerospace,T-45 Goshawk,BRITISH AEROSPACE T-45 Goshawk,T-45 Goshawk,REGIONAL,JET,1,M
HDJT,Honda,HondaJet,HONDA HondaJet,HondaJet,BUSINESS,JET,2,L
HF20,Mbb,HFB-320 Hansa,MBB HFB-320 Hansa,HFB-320 Hansa,REGIONAL,JET,2,M
HT16,Hindustan,Kiran,HINDUSTAN Kiran,Kiran,BUSINESS,JET,1,L
HT34,Hindustan,HTT-34,HINDUSTAN HTT-34,HTT-34,TURBOPROP,TURBOPROP,1,L
HT36,Hindustan,Sitara,HINDUSTAN Sitara,Sitara,BUSINESS,JET,1,L
HT40,Hindustan,HTT-40,HINDUSTAN HTT-40,HTT-40,TURBOPROP,TURBOPROP,1,L
HUNT,Hawker,Hunter,HAWKER Hunter,Hunter,BUSINESS,JET,1,M
HURK,Tai,Hurkus,TAI Hurkus,Hurkus,TURBOPROP,TURBOPROP,1,L
I112,Ilyushin,IL-112,ILYUSHIN IL-112,IL-112,TURBOPROP,TURBOPROP,2,M
I114,Ilyushin,Il-114,ILYUSHIN Il-114,Il-114,TURBOPROP,TURBOPROP,2,M
I22,Pzl-Mielec,I-22 Iryda,PZL-MIELEC I-22 Iryda,I-22 Iryda,REGIONAL,JET,1,M
I828,Ica,IAR-828,ICA IAR-828,IAR-828,TURBOPROP,TURBOPROP,1,L
IA50,Dinfia,IA-50 Guarani 2,DINFIA IA-50 Guarani 2,IA-50 Guarani 2,TURBOPROP,TURBOPROP,2,M
IA58,Fma,IA-58 Pucara,FMA IA-58 Pucara,IA-58 Pucara,TURBOPROP,TURBOPROP,2,L
IA63,Fma,IA-63 Pampa,FMA IA-63 Pampa,IA-63 Pampa,BUSINESS,JET,1,L
IL18,Ilyushin,Il-18,ILYUSHIN Il-18,Il-18,TURBOPROP,TURBOPROP,4,M
IL28,Ilyushin,Il-28,ILYUSHIN Il-28,Il-28,REGIONAL,JET,2,M
IL38,Ilyushin,Il-38,ILYUSHIN Il-38,Il-38,TURBOPROP,TURBOPROP,4,M
IL62,Ilyushin,Il-62,ILYUSHIN Il-62,Il-62,WIDE,JET,4,H
IL76,Ilyushin,Il-76/82,ILYUSHIN Il-76/82,Il-76/82,WIDE,JET,4,H
IL86,Ilyushin,Il-87,ILYUSHIN Il-87,Il-87,WIDE,JET,4,H
IL96,Ilyushin,Il-96,ILYUSHIN Il-96,Il-96,WIDE,JET,4,H
IR25,Ica,IAR-825 Triumf,ICA IAR-825 Triumf,IAR-825 Triumf,TURBOPROP,TURBOPROP,1,L
IR99,Avioane,IAR-99 Soim,AVIOANE IAR-99 Soim,IAR-99 Soim,BUSINESS,JET,1,L
J10,Chengdu,F-10,CHENGDU F-10,F-10,REGIONAL,JET,1,M
J20,Chengdu,J-20,CHENGDU J-20,J-20,REGIONAL,JET,2,M
J328,Dornier,328 JET,Dornier 328 JET,328 JET,REGIONAL,JET,2,M
J8A,Shenyang,J-8,SHENYANG J-8,J-8,REGIONAL,JET,2,M
J8B,Shenyang,J-8,SHENYANG J-8,J-8,REGIONAL,JET,2,M
JAGR,Hindustan,Jaguar,HINDUSTAN Jaguar,Jaguar,REGIONAL,JET,2,M
JAST,Soko,Jastreb,SOKO Jastreb,Jastreb,BUSINESS,JET,1,L
JCOM,IAI,Commodore Jet,IAI Commodore Jet,Commodore Jet,REGIONAL,JET,2,M
JCRU,Aasi,Jetcruzer,AASI Jetcruzer,Jetcruzer,TURBOPROP,TURBOPROP,1,L
JH7,Xian,JH-7,XIAN JH-7,JH-7,REGIONAL,JET,2,M
JL9,Guizhou,Shanying,GUIZHOU Shanying,Shanying,REGIONAL,JET,1,M
JPRO,Bac,P-84 Jet Provost,BAC P-84 Jet Provost,P-84 Jet Provost,BUSINESS,JET,1,L
JS1,Handley,PAGE Jetstream 1,HANDLEY PAGE Jetstream 1,PAGE Jetstream 1,TURBOPROP,TURBOPROP,2,L
JS20,Handley,PAGE Jetstream T.Mk.2,HANDLEY PAGE Jetstream T.Mk.2,PAGE Jetstream T.Mk.2,TURBOPROP,TURBOPROP,2,L
JS3,Century,Jetstream 3,CENTURY Jetstream 3,Jetstream 3,TURBOPROP,TURBOPROP,2,L
JS31,British Aerospace,Jetstream T.Mk.3,BRITISH AEROSPACE Jetstream T.Mk.3,Jetstream T.Mk.3,TURBOPROP,TURBOPROP,2,M
JS32,British Aerospace,Jetstream Super 31,BRITISH AEROSPACE Jetstream Super 31,Jetstream Super 31,TURBOPROP,TURBOPROP,2,M
JS41,British Aerospace,Jetstream 41,BRITISH AEROSPACE Jetstream 41,Jetstream 41,TURBOPROP,TURBOPROP,2,M
JSQA,General,AVIA F-1300 Jet Squalus,GENERAL AVIA F-1300 Jet Squalus,AVIA F-1300 Jet Squalus,BUSINESS,JET,1,L
JSX,Sonex,SubSonex,SONEX SubSonex,SubSonex,BUSINESS,JET,1,L
K100,Daher,Kodiak 100,DAHER Kodiak 100,Kodiak 100,TURBOPROP,TURBOPROP,1,L
K200,Daher,Kodiak 200,DAHER Kodiak 200,Kodiak 200,TURBOPROP,TURBOPROP,1,L
K35E,Boeing,KC-35E Stratotanker,BOEING KC-35E Stratotanker,KC-35E Stratotanker,WIDE,JET,4,H
K35R,Boeing,KC-135R/T Stratotanker,BOEING KC-135R/T Stratotanker,KC-135R/T Stratotanker,WIDE,JET,4,H
K50,Korea,AEROSPACE T-50 Golden Eagle,KOREA AEROSPACE T-50 Golden Eagle,AEROSPACE T-50 Golden Eagle,REGIONAL,JET,1,M
K8,Hongdu,K-8 Karakorum,HONGDU K-8 Karakorum,K-8 Karakorum,BUSINESS,JET,1,L
K900,Kodiak,QUEST 200/900,KODIAK QUEST 200/900,QUEST 200/900,TURBOPROP,TURBOPROP,1,L
KAAN,Tai,TF Kaan,TAI TF Kaan,TF Kaan,REGIONAL,JET,2,M
KAT3,Khrunichev,AT-3,KHRUNICHEV AT-3,AT-3,TURBOPROP,TURBOPROP,1,L
KC2,Kawasaki,C-2,KAWASAKI C-2,C-2,WIDE,JET,2,H
KE3,Boeing,KE-3,BOEING KE-3,KE-3,WIDE,JET,4,H
KEST,Farnborough,F-1 Kestrel,FARNBOROUGH F-1 Kestrel,F-1 Kestrel,TURBOPROP,TURBOPROP,1,L
KF21,Kf-21,Boramae,KF-21 Boramae,Boramae,REGIONAL,JET,2,M
KFIR,IAI,Kfir,IAI Kfir,Kfir,REGIONAL,JET,1,M
KT1,Korean,AEROSPACE KT-1,KOREAN AEROSPACE KT-1,AEROSPACE KT-1,TURBOPROP,TURBOPROP,1,L
KZLA,Baykar,Kizilelma,BAYKAR Kizilelma,Kizilelma,REGIONAL,JET,1,M
L101,Lockheed,L-1011 TriStar,LOCKHEED L-1011 TriStar,L-1011 TriStar,WIDE,JET,3,H
L15,Hongdu,L-15 Lieying,HONGDU L-15 Lieying,L-15 Lieying,REGIONAL,JET,2,M
L159,Aero,L-159 Albatros 2,AERO L-159 Albatros 2,L-159 Albatros 2,REGIONAL,JET,1,M
L188,Lockheed,L-188 Electra,LOCKHEED L-188 Electra,L-188 Electra,TURBOPROP,TURBOPROP,4,M
L29,Aero,L-29 Delfin,AERO L-29 Delfin,L-29 Delfin,BUSINESS,JET,1,L
L29A,Lockheed,L-1329 Jetstar 6/8,LOCKHEED L-1329 Jetstar 6/8,L-1329 Jetstar 6/8,REGIONAL,JET,4,M
L29B,Lockheed,L-1329 Jetstar 731,LOCKHEED L-1329 Jetstar 731,L-1329 Jetstar 731,REGIONAL,JET,4,M
L39,Let,L-39 Albatros,LET L-39 Albatros,L-39 Albatros,BUSINESS,JET,1,L
L410,Let,L-410 Turbolet,LET L-410 Turbolet,L-410 Turbolet,TURBOPROP,TURBOPROP,2,L
L59,Aero,L-59,AERO L-59,L-59,BUSINESS,JET,1,L
L610,Let,L-610,LET L-610,L-610,TURBOPROP,TURBOPROP,2,M
L90,Valmet,Redigo,VALMET Redigo,Redigo,TURBOPROP,TURBOPROP,1,L
LA6T,Aermacchi,AL-60T Turbine Grizzly,AERMACCHI AL-60T Turbine Grizzly,AL-60T Turbine Grizzly,TURBOPROP,TURBOPROP,1,L
LAR1,Flaris,LAR-1,FLARIS LAR-1,LAR-1,BUSINESS,JET,1,L
LCA,Hindustan,Tejas,HINDUSTAN Tejas,Tejas,REGIONAL,JET,1,M
LEOP,Chichester-Miles,Leopard,CHICHESTER-MILES Leopard,Leopard,BUSINESS,JET,2,L
LJ23,Learjet,23,LEARJET 23,23,BUSINESS,JET,2,L
LJ24,Learjet,24,LEARJET 24,24,BUSINESS,JET,2,L
LJ25,Learjet,25,LEARJET 25,25,BUSINESS,JET,2,L
LJ28,Learjet,29,LEARJET 29,29,BUSINESS,JET,2,L
LJ31,Learjet,31,LEARJET 31,31,BUSINESS,JET,2,M
LJ35,Learjet,35,LEARJET 35,35,BUSINESS,JET,2,M
LJ40,Learjet,40,LEARJET 40,40,BUSINESS,JET,2,M
LJ45,Learjet,45,LEARJET 45,45,BUSINESS,JET,2,M
LJ55,Learjet,55,LEARJET 55,55,BUSINESS,JET,2,M
LJ60,Learjet,60,LEARJET 60,60,BUSINESS,JET,2,M
LJ70,Learjet,70,LEARJET 70,70,BUSINESS,JET,2,M
LJ75,Learjet,75,LEARJET 75,75,BUSINESS,JET,2,M
LJ85,Learjet,85,LEARJET 85,85,BUSINESS,JET,2,M
LNP4,Lancair,PropJet 4,LANCAIR PropJet 4,PropJet 4,TURBOPROP,TURBOPROP,1,L
LNT4,Lancair,Sentry 4T,LANCAIR Sentry 4T,Sentry 4T,TURBOPROP,TURBOPROP,1,L
LTNG,Bac,Lightning,BAC Lightning,Lightning,REGIONAL,JET,2,M
M101,Myasishchev,M-101 Sokol,MYASISHCHEV M-101 Sokol,M-101 Sokol,TURBOPROP,TURBOPROP,1,L
M15,Pzl-Mielec,M-15 Belphegor,PZL-MIELEC M-15 Belphegor,M-15 Belphegor,BUSINESS,JET,1,L
M17,Myasishchev,M-17 Stratosfera,MYASISHCHEV M-17 Stratosfera,M-17 Stratosfera,REGIONAL,JET,1,M
M18T,Pzl-Mielec,M-18T Turbine Dromader,PZL-MIELEC M-18T Turbine Dromader,M-18T Turbine Dromader,TURBOPROP,TURBOPROP,1,L
M28,Pzl-Mielec,M-28 Skytruck,PZL-MIELEC M-28 Skytruck,M-28 Skytruck,TURBOPROP,TURBOPROP,2,M
M326,Embraer,EMB-326 Xavante,EMBRAER EMB-326 Xavante,EMB-326 Xavante,BUSINESS,JET,1,L
M339,Aermacchi,MB-339,AERMACCHI MB-339,MB-339,BUSINESS,JET,1,L
M345,Aermacchi,M-345,AERMACCHI M-345,M-345,BUSINESS,JET,1,L
M346,Aermacchi,M-346 Master,AERMACCHI M-346 Master,M-346 Master,REGIONAL,JET,2,M
M55,Myasishchev,M-55 Geophysica,MYASISHCHEV M-55 Geophysica,M-55 Geophysica,REGIONAL,JET,2,M
M600,Piper,PA-46-600TP,PIPER PA-46-600TP,PA-46-600TP,TURBOPROP,TURBOPROP,1,L
M700,Piper,PA-46-701TP M700 Fury,PIPER PA-46-701TP M700 Fury,PA-46-701TP M700 Fury,TURBOPROP,TURBOPROP,1,L
M7T,Maule,M-7-420 Turbine,MAULE M-7-420 Turbine,M-7-420 Turbine,TURBOPROP,TURBOPROP,1,L
MA60,Xian,MA-60,XIAN MA-60,MA-60,TURBOPROP,TURBOPROP,2,M
MA6H,Xian,MA-60H,XIAN MA-60H,MA-60H,TURBOPROP,TURBOPROP,2,M
MC23,Irkut,MC-21-300,IRKUT MC-21-300,MC-21-300,NARROW,JET,2,M
MD11,McDonnell Douglas,MD-11,MCDONNELL-DOUGLAS MD-11,MD-10/11,WIDE,JET,3,H
MD81,McDonnell Douglas,MD-81,MCDONNELL-DOUGLAS MD-81,MD-80/90,NARROW,JET,2,M
MD82,McDonnell Douglas,MD-82,MCDONNELL-DOUGLAS MD-82,MD-80/90,NARROW,JET,2,M
MD83,McDonnell Douglas,MD-83,MCDONNELL-DOUGLAS MD-83,MD-80/90,NARROW,JET,2,M
MD87,McDonnell Douglas,MD-87,MCDONNELL-DOUGLAS MD-87,MD-80/90,NARROW,JET,2,M
MD88,McDonnell Douglas,MD-88,MCDONNELL-DOUGLAS MD-88,MD-80/90,NARROW,JET,2,M
MD90,McDonnell Douglas,MD-90,MCDONNELL-DOUGLAS MD-90,MD-80/90,NARROW,JET,2,M
ME62,Messerschmitt,Me-262 Replica,MESSERSCHMITT Me-262 Replica,Me-262 Replica,BUSINESS,JET,2,L
METR,Gloster,Meteor,GLOSTER Meteor,Meteor,REGIONAL,JET,2,M
MG15,Mikoyan,MiG-15,MIKOYAN MiG-15,MiG-15,BUSINESS,JET,1,L
MG17,Mikoyan,MiG-17,MIKOYAN MiG-17,MiG-17,BUSINESS,JET,1,L
MG19,Mikoyan,Mig-19,MIKOYAN Mig-19,Mig-19,REGIONAL,JET,2,M
MG21,Mikoyan,MiG-21,MIKOYAN MiG-21,MiG-21,REGIONAL,JET,1,M
MG23,Mikoyan,MiG-23/27,MIKOYAN MiG-23/27,MiG-23/27,REGIONAL,JET,1,M
MG25,Mikoyan,MiG-25,MIKOYAN MiG-25,MiG-25,REGIONAL,JET,2,M
MG29,Mikoyan,MiG-29/33/35,MIKOYAN MiG-29/33/35,MiG-29/33/35,REGIONAL,JET,2,M
MG31,Mikoyan,MiG-31,MIKOYAN MiG-31,MiG-31,REGIONAL,JET,2,M
MG44,Mikoyan,MiG 1-44,MIKOYAN MiG 1-44,MiG 1-44,REGIONAL,JET,2,M
MGAT,Mikoyan,MiG-AT,MIKOYAN MiG-AT,MiG-AT,BUSINESS,JET,1,L
MH02,Honda,MISSISSIPPI MH-02,HONDA-MISSISSIPPI MH-02,MISSISSIPPI MH-02,BUSINESS,JET,2,L
MIR2,Dassault,Mirage 2000,DASSAULT Mirage 2000,Mirage 2000,BUSINESS,JET,1,M
MIRA,Dassault,Mirage 3,DASSAULT Mirage 3,Mirage 3,BUSINESS,JET,1,M
MR3T,Murphy,SR-3500 T-Moose,MURPHY SR-3500 T-Moose,SR-3500 T-Moose,TURBOPROP,TURBOPROP,1,L
MRF1,Dassault,Mirage F1,DASSAULT Mirage F1,Mirage F1,BUSINESS,JET,1,M
MRJ7,Mitsubishi,MRJ-70,MITSUBISHI MRJ-70,MRJ-70,REGIONAL,JET,2,M
MRJ9,Mitsubishi,MRJ-90,MITSUBISHI MRJ-90,MRJ-90,REGIONAL,JET,2,M
MS76,Morane-Saulnier,MS-760 Paris,MORANE-SAULNIER MS-760 Paris,MS-760 Paris,BUSINESS,JET,2,L
MT2,Mitsubishi,T-2,MITSUBISHI T-2,T-2,REGIONAL,JET,2,M
MU2,Mitsubishi,MU-2 Marquise,MITSUBISHI MU-2 Marquise,MU-2 Marquise,TURBOPROP,TURBOPROP,2,L
MU30,Mitsubishi,MU-300 Diamond,MITSUBISHI MU-300 Diamond,MU-300 Diamond,REGIONAL,JET,2,M
MYA4,Myasishchev,M-4,MYASISHCHEV M-4,M-4,WIDE,JET,4,H
MYS4,Dassault,MD-454A Mystere 4A,DASSAULT MD-454A Mystere 4A,MD-454A Mystere 4A,BUSINESS,JET,1,M
N219,Dirgantara,INDONESIA N-219 Nurtanio,DIRGANTARA INDONESIA N-219 Nurtanio,INDONESIA N-219 Nurtanio,TURBOPROP,TURBOPROP,2,M
N250,Nusantara,N-250,NUSANTARA N-250,N-250,TURBOPROP,TURBOPROP,2,M
N260,Nord,Super Broussard,NORD Super Broussard,Super Broussard,TURBOPROP,TURBOPROP,2,M
N262,Aerospatiale,N-262,AEROSPATIALE N-262,N-262,TURBOPROP,TURBOPROP,2,M
N5B,Hongdu,N-5B,HONGDU N-5B,N-5B,TURBOPROP,TURBOPROP,1,L
ND1T,Ndn,Turbo Firecracker,NDN Turbo Firecracker,Turbo Firecracker,TURBOPROP,TURBOPROP,1,L
NFEX,Nf-Aircraft,Explorer,NF-AIRCRAFT Explorer,Explorer,TURBOPROP,TURBOPROP,1,L
NOMA,Gaf,N22/24 Nomad,GAF N22/24 Nomad,N22/24 Nomad,TURBOPROP,TURBOPROP,2,L
OMLA,Omac,Laser 300,OMAC Laser 300,Laser 300,TURBOPROP,TURBOPROP,1,L
P1,Kawasaki,P-1,KAWASAKI P-1,P-1,REGIONAL,JET,4,M
P180,Piaggio,P-180 Avanti,PIAGGIO P-180 Avanti,P-180 Avanti,TURBOPROP,TURBOPROP,2,L
P18T,Smith,AVIATION PA-18T Super Cub,SMITH AVIATION PA-18T Super Cub,AVIATION PA-18T Super Cub,TURBOPROP,TURBOPROP,1,L
P1HH,Piaggio,Hammerhead,PIAGGIO Hammerhead,Hammerhead,TURBOPROP,TURBOPROP,2,L
P3,Lockheed,P-3 Orion,LOCKHEED P-3 Orion,P-3 Orion,TURBOPROP,TURBOPROP,4,M
P46T,Piper,PA-46-500TP,PIPER PA-46-500TP,PA-46-500TP,TURBOPROP,TURBOPROP,1,L
P66T,Piaggio,P-166DP1,PIAGGIO P-166DP1,P-166DP1,TURBOPROP,TURBOPROP,2,L
P68T,Partenavia,AP-68 Spartacus,PARTENAVIA AP-68 Spartacus,AP-68 Spartacus,TURBOPROP,TURBOPROP,2,L
P750,Pacific,AEROSPACE P-750 XStol,PACIFIC AEROSPACE P-750 XStol,AEROSPACE P-750 XStol,TURBOPROP,TURBOPROP,1,L
P8,Boeing,P-8 Poseidon,BOEING P-8 Poseidon,P-8 Poseidon,NARROW,JET,2,M
PA47,Piper,PA-47 Piper Jet,PIPER PA-47 Piper Jet,PA-47 Piper Jet,BUSINESS,JET,1,L
PAT4,Piper,PA-31T3-500,PIPER PA-31T3-500,PA-31T3-500,TURBOPROP,TURBOPROP,2,L
PAY1,Piper,PA-31T1-500 Cheyenne 1,PIPER PA-31T1-500 Cheyenne 1,PA-31T1-500 Cheyenne 1,TURBOPROP,TURBOPROP,2,L
PAY2,Piper,PA-31T2-620 Cheyenne 2,PIPER PA-31T2-620 Cheyenne 2,PA-31T2-620 Cheyenne 2,TURBOPROP,TURBOPROP,2,L
PAY3,Piper,PA-42-720 Cheyenne 3,PIPER PA-42-720 Cheyenne 3,PA-42-720 Cheyenne 3,TURBOPROP,TURBOPROP,2,L
PAY4,Piper,PA-42-1000 Cheyenne 400,PIPER PA-42-1000 Cheyenne 400,PA-42-1000 Cheyenne 400,TURBOPROP,TURBOPROP,2,L
PC12,Pilatus,PC-12,PILATUS PC-12,PC-12,TURBOPROP,TURBOPROP,1,L
PC21,Pilatus,PC-21,PILATUS PC-21,PC-21,TURBOPROP,TURBOPROP,1,L
PC24,Pilatus,PC-24,PILATUS PC-24,PC-24,REGIONAL,JET,2,M
PC6T,Pilatus,PC-6 Turbo-Porter,PILATUS PC-6 Turbo-Porter,PC-6 Turbo-Porter,TURBOPROP,TURBOPROP,1,L
PC7,Pilatus,PC-7 Astra,PILATUS PC-7 Astra,PC-7 Astra,TURBOPROP,TURBOPROP,1,L
PC9,Pilatus,PC-9 Hudournik,PILATUS PC-9 Hudournik,PC-9 Hudournik,TURBOPROP,TURBOPROP,1,L
PRM1,Raytheon,390 Premier 1,RAYTHEON 390 Premier 1,390 Premier 1,BUSINESS,JET,2,L
PRTS,Scaled,Proteus,SCALED Proteus,Proteus,BUSINESS,JET,2,L
PRXT,Private,EXPLORER T-Explorer,PRIVATE EXPLORER T-Explorer,EXPLORER T-Explorer,TURBOPROP,TURBOPROP,1,L
PVTR,Privateer,Privateer,PRIVATEER Privateer,Privateer,TURBOPROP,TURBOPROP,1,L
PZ3T,Pzl-Okecie,PZL-130 Orlik,PZL-OKECIE PZL-130 Orlik,PZL-130 Orlik,TURBOPROP,TURBOPROP,1,L
PZ6T,Pzl-Okecie,PZL-106 Turbo Kruk,PZL-OKECIE PZL-106 Turbo Kruk,PZL-106 Turbo Kruk,TURBOPROP,TURBOPROP,1,L
Q25,Boeing,MQ-25 Stingray,BOEING MQ-25 Stingray,MQ-25 Stingray,NARROW,JET,1,M
Q28,Boeing,AUSTRALIA MQ-28 Ghost Bat,BOEING AUSTRALIA MQ-28 Ghost Bat,AUSTRALIA MQ-28 Ghost Bat,BUSINESS,JET,1,L
Q4,Northrop,GRUMMAN RQ-4 Global Hawk,NORTHROP GRUMMAN RQ-4 Global Hawk,GRUMMAN RQ-4 Global Hawk,REGIONAL,JET,1,M
Q5,Hongdu,Q-5,HONGDU Q-5,Q-5,REGIONAL,JET,2,M
Q58,Kratos,XQ-58 Valkyrie,KRATOS XQ-58 Valkyrie,XQ-58 Valkyrie,BUSINESS,JET,1,L
Q9,General,ATOMICS MQ-9 Reaper,GENERAL ATOMICS MQ-9 Reaper,ATOMICS MQ-9 Reaper,TURBOPROP,TURBOPROP,1,L
R135,Boeing,RC-135,BOEING RC-135,RC-135,WIDE,JET,4,H
R721,Boeing,727-100RE Super 27,BOEING 727-100RE Super 27,727-100RE Super 27,NARROW,JET,3,M
R722,Boeing,727-200RE Super 27,BOEING 727-200RE Super 27,727-200RE Super 27,NARROW,JET,3,M
R90T,Ruschmeyer,R-90-420AT,RUSCHMEYER R-90-420AT,R-90-420AT,TURBOPROP,TURBOPROP,1,L
RFAL,Dassault,Rafale,DASSAULT Rafale,Rafale,BUSINESS,JET,2,M
RJ1H,Avro,RJ-100 Avroliner,AVRO RJ-100 Avroliner,BAe 146,REGIONAL,JET,4,M
RJ70,Avro,RJ-70 Avroliner,AVRO RJ-70 Avroliner,BAe 146,REGIONAL,JET,4,M
RJ85,Avro,RJ-85 Avroliner,AVRO RJ-85 Avroliner,BAe 146,REGIONAL,JET,4,M
RV4T,Vans,RV-4T,VANS RV-4T,RV-4T,TURBOPROP,TURBOPROP,1,L
RYSA,Technoavia,Rysachok,TECHNOAVIA Rysachok,Rysachok,TURBOPROP,TURBOPROP,2,L
S200,Sipa,S-200 Minijet,SIPA S-200 Minijet,S-200 Minijet,BUSINESS,JET,1,L
S211,Siai-Marchetti,S-211,SIAI-MARCHETTI S-211,S-211,BUSINESS,JET,1,L
S2T,Grumman,S-2 Turbo Tracker,GRUMMAN S-2 Turbo Tracker,S-2 Turbo Tracker,TURBOPROP,TURBOPROP,2,M
S3,Lockheed,S-3 Viking,LOCKHEED S-3 Viking,S-3 Viking,REGIONAL,JET,2,M
S37,Sukhoi,Su-47 Berkut,SUKHOI Su-47 Berkut,Su-47 Berkut,REGIONAL,JET,2,M
S401,Scaled,401 Sierra,SCALED 401 Sierra,401 Sierra,BUSINESS,JET,1,L
S601,Aerospatiale,SN-601 Corvette,AEROSPATIALE SN-601 Corvette,SN-601 Corvette,BUSINESS,JET,2,L
S716,Stratos,714/716,STRATOS 714/716,714/716,BUSINESS,JET,1,L
SA6E,Sreya,SA-6 Envoy,SREYA SA-6 Envoy,SA-6 Envoy,TURBOPROP,TURBOPROP,1,L
SA8T,Schweizer,SA-2-38B Twin Condor Turbine,SCHWEIZER SA-2-38B Twin Condor Turbine,SA-2-38B Twin Condor Turbine,TURBOPROP,TURBOPROP,2,L
SATA,CASA,HA-220 Super Saeta,CASA HA-220 Super Saeta,HA-220 Super Saeta,BUSINESS,JET,2,L
SB05,Saab,105,SAAB 105,105,BUSINESS,JET,2,L
SB20,Saab,2000,SAAB 2000,2000,TURBOPROP,TURBOPROP,2,M
SB29,Saab,29,SAAB 29,29,REGIONAL,JET,1,M
SB32,Saab,32 Lansen,SAAB 32 Lansen,32 Lansen,REGIONAL,JET,1,M
SB35,Saab,35 Draken,SAAB 35 Draken,35 Draken,REGIONAL,JET,1,M
SB37,Saab,37 Viggen,SAAB 37 Viggen,37 Viggen,REGIONAL,JET,1,M
SB39,Saab,39 Gripen,SAAB 39 Gripen,39 Gripen,REGIONAL,JET,1,M
SBR1,North American,Sabre 40/50/60/65,NORTH AMERICAN Sabre 40/50/60/65,Sabre 40/50/60/65,REGIONAL,JET,2,M
SBR2,North American,Sabre 75/80,NORTH AMERICAN Sabre 75/80,Sabre 75/80,REGIONAL,JET,2,M
SC7,Short,Skyvan,SHORT Skyvan,Skyvan,TURBOPROP,TURBOPROP,2,L
SEAT,Seawind,Turbine Seawind,SEAWIND Turbine Seawind,Turbine Seawind,TURBOPROP,TURBOPROP,1,L
SEST,Seastar,SeaStar,SeaStar,SeaStar,TURBOPROP,TURBOPROP,1,L
SF34,Saab,340,SAAB 340,340,TURBOPROP,TURBOPROP,2,M
SF50,Cirrus,SF-50 Vision,CIRRUS SF-50 Vision,SF-50 Vision,BUSINESS,JET,1,L
SG92,Technoavia,Turbo Finist,TECHNOAVIA Turbo Finist,Turbo Finist,TURBOPROP,TURBOPROP,1,L
SGCD,Saab,JAS39 Gripen C/D,SAAB JAS39 Gripen C/D,JAS39 Gripen C/D,REGIONAL,JET,1,M
SGEF,Saab,JAS39 Gripen E/F,SAAB JAS39 Gripen E/F,JAS39 Gripen E/F,REGIONAL,JET,1,M
SGUP,Aero,SPACELINES Super Guppy,AERO SPACELINES Super Guppy,SPACELINES Super Guppy,TURBOPROP,TURBOPROP,4,M
SH33,Short,330 Sherpa,SHORT 330 Sherpa,330 Sherpa,TURBOPROP,TURBOPROP,2,M
SH36,Short,360,SHORT 360,360,TURBOPROP,TURBOPROP,2,M
SHAW,Hawker,Sea Hawk,HAWKER Sea Hawk,Sea Hawk,BUSINESS,JET,1,M
SHRT,Sherpa,K-650T,SHERPA K-650T,K-650T,TURBOPROP,TURBOPROP,1,L
SJ30,Swearingen,SJ-30,SWEARINGEN SJ-30,SJ-30,BUSINESS,JET,2,L
SJET,Excel-Jet,Sport-Jet 2,EXCEL-JET Sport-Jet 2,Sport-Jet 2,BUSINESS,JET,1,L
SLCH,Scaled,351 Stratolaunch,SCALED 351 Stratolaunch,351 Stratolaunch,WIDE,JET,6,H
SM19,Siai-Marchetti,SM-1019,SIAI-MARCHETTI SM-1019,SM-1019,TURBOPROP,TURBOPROP,1,L
SM20,Technoavia,SM-2000,TECHNOAVIA SM-2000,SM-2000,TURBOPROP,TURBOPROP,1,L
SMB2,Dassault,Super Mystere B2,DASSAULT Super Mystere B2,Super Mystere B2,BUSINESS,JET,1,M
SP33,Spectrum,S-33 Independence,SPECTRUM S-33 Independence,S-33 Independence,BUSINESS,JET,2,L
SS2T,Trush,Turbo Thrush 500/550,TRUSH Turbo Thrush 500/550,Turbo Thrush 500/550,TURBOPROP,TURBOPROP,1,L
SSAB,North American,F-100 Super Sabre,NORTH AMERICAN F-100 Super Sabre,F-100 Super Sabre,REGIONAL,JET,1,M
ST50,Israviation,ST-50,ISRAVIATION ST-50,ST-50,TURBOPROP,TURBOPROP,1,L
STAR,Raytheon,2000 Starship,RAYTHEON 2000 Starship,2000 Starship,TURBOPROP,TURBOPROP,2,L
STAT,Aircraft,DESIGN Turbine Stallion,AIRCRAFT DESIGN Turbine Stallion,DESIGN Turbine Stallion,TURBOPROP,TURBOPROP,1,L
STLN,Helio,Stallion,HELIO Stallion,Stallion,TURBOPROP,TURBOPROP,1,L
STRK,Bac,Strikemaster,BAC Strikemaster,Strikemaster,BUSINESS,JET,1,L
SU17,Sukhoi,Su-17/20/22,SUKHOI Su-17/20/22,Su-17/20/22,REGIONAL,JET,1,M
SU24,Sukhoi,Su-24,SUKHOI Su-24,Su-24,REGIONAL,JET,2,M
SU25,Sukhoi,Su-25/28/39,SUKHOI Su-25/28/39,Su-25/28/39,REGIONAL,JET,2,M
SU27,Sukhoi,Su-27/30/32/33/34/35/37,SUKHOI Su-27/30/32/33/34/35/37,Su-27/30/32/33/34/35/37,REGIONAL,JET,2,M
SU57,Sukhoi,Su-57,SUKHOI Su-57,Su-57,REGIONAL,JET,2,M
SU7,Sukhoi,Su-7,SUKHOI Su-7,Su-7,REGIONAL,JET,1,M
SU80,Sukhoi,Su-80,SUKHOI Su-80,Su-80,TURBOPROP,TURBOPROP,2,M
SU95,Sukhoi,Superjet 100-95,SUKHOI Superjet 100-95,Superjet,REGIONAL,JET,2,M
SW2,Swearingen,Merlin 2,SWEARINGEN Merlin 2,Merlin 2,TURBOPROP,TURBOPROP,2,L
SW3,Swearingen,Merlin 3,SWEARINGEN Merlin 3,Merlin 3,TURBOPROP,TURBOPROP,2,L
SW4,Swearingen,Metro,SWEARINGEN Metro,Metro,TURBOPROP,TURBOPROP,2,M
SWFT,Scaled,Swift,SCALED Swift,Swift,BUSINESS,JET,1,L
SWIF,Supermarine,Swift,SUPERMARINE Swift,Swift,REGIONAL,JET,1,M
T1,Fuji,T1F,FUJI T1F,T1F,BUSINESS,JET,1,L
T101,Aeroprogress,T-101 Grach,AEROPROGRESS T-101 Grach,T-101 Grach,TURBOPROP,TURBOPROP,1,L
T134,Tupolev,Tu-134,TUPOLEV Tu-134,Tu-134,NARROW,JET,2,M
T154,Tupolev,Tu-154,TUPOLEV Tu-154,Tu-154,NARROW,JET,3,M
T160,Tupolev,Tu-160,TUPOLEV Tu-160,Tu-160,WIDE,JET,4,H
T2,North American,T-2 Buckeye,NORTH AMERICAN T-2 Buckeye,T-2 Buckeye,BUSINESS,JET,2,L
T204,Tupolev,Tu-204/214/224/234,TUPOLEV Tu-204/214/224/234,Tu-204/214/224/234,NARROW,JET,2,M
T22M,Tupolev,Tu-22M,TUPOLEV Tu-22M,Tu-22M,NARROW,JET,2,M
T33,Lockheed,T-33,LOCKHEED T-33,T-33,REGIONAL,JET,1,M
T334,Tupolev,Tu-334,TUPOLEV Tu-334,Tu-334,NARROW,JET,2,M
T34T,Beech,T-34C Turbo Mentor,BEECH T-34C Turbo Mentor,T-34C Turbo Mentor,TURBOPROP,TURBOPROP,1,L
T37,Cessna,318,CESSNA 318,318,BUSINESS,JET,2,L
T38,Northrop,T-38 Talon,NORTHROP T-38 Talon,T-38 Talon,BUSINESS,JET,2,L
T4,Kawasaki,T-4,KAWASAKI T-4,T-4,REGIONAL,JET,2,M
T5,Futji,T-5,FUTJI T-5,T-5,TURBOPROP,TURBOPROP,1,L
T5YY,Aidc,T-5 Yung Yin,AIDC T-5 Yung Yin,T-5 Yung Yin,REGIONAL,JET,2,M
T7,Fuji,T-7,FUJI T-7,T-7,TURBOPROP,TURBOPROP,1,L
TB31,Socata,TB-31 Omega,SOCATA TB-31 Omega,TB-31 Omega,TURBOPROP,TURBOPROP,1,L
TBM7,Socata,TBM-700A/B/C,SOCATA TBM-700A/B/C,TBM-700A/B/C,TURBOPROP,TURBOPROP,1,L
TBM8,Socata,TBM-850,SOCATA TBM-850,TBM-850,TURBOPROP,TURBOPROP,1,L
TBM9,Socata,TBM-900/910/930/940,SOCATA TBM-900/910/930/940,TBM-900/910/930/940,TURBOPROP,TURBOPROP,1,L
TD2,Turbine,DESIGN Tempest,TURBINE DESIGN Tempest,DESIGN Tempest,TURBOPROP,TURBOPROP,1,L
TEX2,Beechcraft,T-6 Texan 2,BEECHCRAFT T-6 Texan 2,T-6 Texan 2,TURBOPROP,TURBOPROP,1,L
TJET,Maverick,Twin Jet,MAVERICK Twin Jet,Twin Jet,BUSINESS,JET,2,L
TLEG,Legend,Turbine Legend,LEGEND Turbine Legend,Turbine Legend,TURBOPROP,TURBOPROP,1,L
TOR,Panavia,Tornado,PANAVIA Tornado,Tornado,REGIONAL,JET,2,M
TPIL,Enaer,T-35 Aucan,ENAER T-35 Aucan,T-35 Aucan,TURBOPROP,TURBOPROP,1,L
TS11,Pzl-Mielec,TS-11 Iskra,PZL-MIELEC TS-11 Iskra,TS-11 Iskra,BUSINESS,JET,1,L
TS1J,Jonker,Revelation,JONKER Revelation,Revelation,BUSINESS,JET,1,L
TU16,Tupolev,Tu-6,TUPOLEV Tu-6,Tu-6,NARROW,JET,2,M
TU22,Tupolev,Tu-22,TUPOLEV Tu-22,Tu-22,NARROW,JET,2,M
TU95,Tupolev,Tu-142,TUPOLEV Tu-142,Tu-142,TURBOPROP,TURBOPROP,4,H
TUCA,Embraer,EMB-312 Tucano,EMBRAER EMB-312 Tucano,EMB-312 Tucano,TURBOPROP,TURBOPROP,1,L
TUCT,Flying,LEGEND Turbine Tucano Replica,FLYING LEGEND Turbine Tucano Replica,LEGEND Turbine Tucano Replica,TURBOPROP,TURBOPROP,1,L
TZRV,Iriaf,Tazarve,IRIAF Tazarve,Tazarve,BUSINESS,JET,1,L
U2,Lockheed,U-2,LOCKHEED U-2,U-2,REGIONAL,JET,1,M
U21,Beech,U-21 Ute,BEECH U-21 Ute,U-21 Ute,TURBOPROP,TURBOPROP,2,L
US1,Shinmaywa,US-1,SHINMAYWA US-1,US-1,TURBOPROP,TURBOPROP,4,M
US2,Shinmaywa,US-2,SHINMAYWA US-2,US-2,TURBOPROP,TURBOPROP,4,M
V1,Grumman,Mohawk,GRUMMAN Mohawk,Mohawk,TURBOPROP,TURBOPROP,2,M
V10,North American,OV-10 Bronco,NORTH AMERICAN OV-10 Bronco,OV-10 Bronco,TURBOPROP,TURBOPROP,2,L
V452,Msw,Votec 452,MSW Votec 452,Votec 452,TURBOPROP,TURBOPROP,1,L
VAMP,De Havilland,DH-100/115 Vampire,DE HAVILLAND DH-100/115 Vampire,DH-100/115 Vampire,BUSINESS,JET,1,L
VANT,Visionaire,Vantage,VISIONAIRE Vantage,Vantage,BUSINESS,JET,1,L
VAUT,Sud,Vautour,SUD Vautour,Vautour,REGIONAL,JET,2,M
VF35,Lockheed,MARTIN F-35B Lightning 2,LOCKHEED-MARTIN F-35B Lightning 2,MARTIN F-35B Lightning 2,REGIONAL,JET,1,M
VF60,Vulcanair,Mission,VULCANAIR Mission,Mission,TURBOPROP,TURBOPROP,1,L
VIPJ,Viper,ViperJet,VIPER ViperJet,ViperJet,BUSINESS,JET,1,L
VK3T,Cirrus,VK-30 Turbine,CIRRUS VK-30 Turbine,VK-30 Turbine,TURBOPROP,TURBOPROP,1,L
VL3T,Jmb,AIRCRAFT VL-3 Evolution Turbine,JMB AIRCRAFT VL-3 Evolution Turbine,AIRCRAFT VL-3 Evolution Turbine,TURBOPROP,TURBOPROP,1,L
VLOT,Velocity,XL Turbine,VELOCITY XL Turbine,XL Turbine,TURBOPROP,TURBOPROP,1,L
VLTT,Velocity,XL Twin Turbine,VELOCITY XL Twin Turbine,XL Twin Turbine,TURBOPROP,TURBOPROP,2,L
VMT,Myasishchev,VM-T Atlant,MYASISHCHEV VM-T Atlant,VM-T Atlant,WIDE,JET,4,H
VNOM,De Havilland,DH-112 Venom,DE HAVILLAND DH-112 Venom,DH-112 Venom,REGIONAL,JET,1,M
VTOR,Vulcanair,Viator,VULCANAIR Viator,Viator,TURBOPROP,TURBOPROP,2,L
W135,Boeing,WC-135R,BOEING WC-135R,WC-135R,WIDE,JET,4,H
W62T,Weatherly,620TP,WEATHERLY 620TP,620TP,TURBOPROP,TURBOPROP,1,L
WB57,Martin,272,MARTIN 272,272,REGIONAL,JET,2,M
WH4,Hall,Harpoon,HALL Harpoon,Harpoon,TURBOPROP,TURBOPROP,1,L
WHK2,Rutan,White Knight Two,RUTAN White Knight Two,White Knight Two,REGIONAL,JET,4,M
WHKN,Rutan,White Knight,RUTAN White Knight,White Knight,REGIONAL,JET,2,M
WW23,IAI,1123 Westwind,IAI 1123 Westwind,1123 Westwind,REGIONAL,JET,2,M
WW24,IAI,1124 Westwind,IAI 1124 Westwind,1124 Westwind,REGIONAL,JET,2,M
X29,Grumman,X-29,GRUMMAN X-29,X-29,REGIONAL,JET,1,M
X32,Boeing,X-32,BOEING X-32,X-32,NARROW,JET,1,M
X47B,Northrop,GRUMMAN X-47B,NORTHROP GRUMMAN X-47B,GRUMMAN X-47B,REGIONAL,JET,1,M
X55,Lockhed,MARTIN X-55,LOCKHED MARTIN X-55,MARTIN X-55,REGIONAL,JET,2,M
X59,Lockheed,MARTIN X-59 QueSST,LOCKHEED MARTIN X-59 QueSST,MARTIN X-59 QueSST,REGIONAL,JET,1,M
XB1,Boom,XB-1,BOOM XB-1,XB-1,BUSINESS,JET,3,L
Y12,Harbin,Y-12E Harbinger,HARBIN Y-12E Harbinger,Y-12E Harbinger,TURBOPROP,TURBOPROP,2,L
Y12F,Harbin,Y-12F Aircar,HARBIN Y-12F Aircar,Y-12F Aircar,TURBOPROP,TURBOPROP,2,M
Y130,Yakovlev,Yak-130,YAKOVLEV Yak-130,Yak-130,REGIONAL,JET,2,M
Y141,Yakovlev,Yak-141,YAKOVLEV Yak-141,Yak-141,REGIONAL,JET,3,M
Y20,Xian,Kunpeng,XIAN Kunpeng,Kunpeng,WIDE,JET,4,H
YK28,Yakovlev,Yak-28,YAKOVLEV Yak-28,Yak-28,REGIONAL,JET,2,M
YK30,Yakovlev,Yak-32,YAKOVLEV Yak-32,Yak-32,BUSINESS,JET,1,L
YK38,Yakovlev,Yak-38,YAKOVLEV Yak-38,Yak-38,REGIONAL,JET,3,M
YK40,Yakovlev,Yak-40,YAKOVLEV Yak-40,Yak-40,REGIONAL,JET,3,M
YK42,Yakovlev,Yak-142,YAKOVLEV Yak-142,Yak-142,REGIONAL,JET,3,M
YS11,Mitsubishi,YS-11,MITSUBISHI YS-11,YS-11,TURBOPROP,TURBOPROP,2,M
YURO,Soko_cniar,NJ-22 Orao,SOKO_CNIAR NJ-22 Orao,NJ-22 Orao,REGIONAL,JET,2,M
Z37T,Moravan,Z-137 Agro Turbo,MORAVAN Z-137 Agro Turbo,Z-137 Agro Turbo,TURBOPROP,TURBOPROP,1,L
